{"type": "metrics", "dataset": "train", "precision": 0.9995761813943632, "balanced_accuracy": 0.9988807951840237, "recall": 0.997884493336154, "f1_score": 0.9987296210035994}
{"type": "metrics", "dataset": "test", "precision": 0.6471074380165289, "balanced_accuracy": 0.6749726059911564, "recall": 0.41016238868517546, "f1_score": 0.5020840012824623}
{"type": "cm_matrix", "dataset": "train", "true_0": {"predicted_0": 16271, "predicted_1": 2}, "true_1": {"predicted_0": 10, "predicted_1": 4717}}
{"type": "cm_matrix", "dataset": "test", "true_0": {"predicted_0": 6664, "predicted_1": 427}, "true_1": {"predicted_0": 1126, "predicted_1": 783}}
